,sequence
0,MPLEQRSQHCK
1,PLEQRSQHCKP
2,LEQRSQHCKPE
3,EQRSQHCKPEE
4,QRSQHCKPEEG
5,RSQHCKPEEGL
6,SQHCKPEEGLE
7,QHCKPEEGLEA
8,HCKPEEGLEAR
9,CKPEEGLEARG
10,KPEEGLEARGE
11,PEEGLEARGEA
12,EEGLEARGEAL
13,EGLEARGEALG
14,GLEARGEALGL
15,LEARGEALGLV
16,EARGEALGLVG
17,ARGEALGLVGA
18,RGEALGLVGAQ
19,GEALGLVGAQA
20,EALGLVGAQAP
21,ALGLVGAQAPA
22,LGLVGAQAPAT
23,GLVGAQAPATE
24,LVGAQAPATEE
25,VGAQAPATEEQ
26,GAQAPATEEQE
27,AQAPATEEQEA
28,QAPATEEQEAA
29,APATEEQEAAS
30,PATEEQEAASS
31,ATEEQEAASSS
32,TEEQEAASSSS
33,EEQEAASSSST
34,EQEAASSSSTL
35,QEAASSSSTLV
36,EAASSSSTLVE
37,AASSSSTLVEV
38,ASSSSTLVEVT
39,SSSSTLVEVTL
40,SSSTLVEVTLG
41,SSTLVEVTLGE
42,STLVEVTLGEV
43,TLVEVTLGEVP
44,LVEVTLGEVPA
45,VEVTLGEVPAA
46,EVTLGEVPAAE
47,VTLGEVPAAES
48,TLGEVPAAESP
49,LGEVPAAESPD
50,GEVPAAESPDP
51,EVPAAESPDPP
52,VPAAESPDPPQ
53,PAAESPDPPQS
54,AAESPDPPQSP
55,AESPDPPQSPQ
56,ESPDPPQSPQG
57,SPDPPQSPQGA
58,PDPPQSPQGAS
59,DPPQSPQGASS
60,PPQSPQGASSL
61,PQSPQGASSLP
62,QSPQGASSLPT
63,SPQGASSLPTT
64,PQGASSLPTTM
65,QGASSLPTTMN
66,GASSLPTTMNY
67,ASSLPTTMNYP
68,SSLPTTMNYPL
69,SLPTTMNYPLW
70,LPTTMNYPLWS
71,PTTMNYPLWSQ
72,TTMNYPLWSQS
73,TMNYPLWSQSY
74,MNYPLWSQSYE
75,NYPLWSQSYED
76,YPLWSQSYEDS
77,PLWSQSYEDSS
78,LWSQSYEDSSN
79,WSQSYEDSSNQ
80,SQSYEDSSNQE
81,QSYEDSSNQEE
82,SYEDSSNQEEE
83,YEDSSNQEEEG
84,EDSSNQEEEGP
85,DSSNQEEEGPS
86,SSNQEEEGPST
87,SNQEEEGPSTF
88,NQEEEGPSTFP
89,QEEEGPSTFPD
90,EEEGPSTFPDL
91,EEGPSTFPDLE
92,EGPSTFPDLES
93,GPSTFPDLESE
94,PSTFPDLESEF
95,STFPDLESEFQ
96,TFPDLESEFQA
97,FPDLESEFQAA
98,PDLESEFQAAL
99,DLESEFQAALS
100,LESEFQAALSR
101,ESEFQAALSRK
102,SEFQAALSRKV
103,EFQAALSRKVA
104,FQAALSRKVAE
105,QAALSRKVAEL
106,AALSRKVAELV
107,ALSRKVAELVH
108,LSRKVAELVHF
109,SRKVAELVHFL
110,RKVAELVHFLL
111,KVAELVHFLLL
112,VAELVHFLLLK
113,AELVHFLLLKY
114,ELVHFLLLKYR
115,LVHFLLLKYRA
116,VHFLLLKYRAR
117,HFLLLKYRARE
118,FLLLKYRAREP
119,LLLKYRAREPV
120,LLKYRAREPVT
121,LKYRAREPVTK
122,KYRAREPVTKA
123,YRAREPVTKAE
124,RAREPVTKAEM
125,AREPVTKAEML
126,REPVTKAEMLG
127,EPVTKAEMLGS
128,PVTKAEMLGSV
129,VTKAEMLGSVV
130,TKAEMLGSVVG
131,KAEMLGSVVGN
132,AEMLGSVVGNW
133,EMLGSVVGNWQ
134,MLGSVVGNWQY
135,LGSVVGNWQYF
136,GSVVGNWQYFF
137,SVVGNWQYFFP
138,VVGNWQYFFPV
139,VGNWQYFFPVI
140,GNWQYFFPVIF
141,NWQYFFPVIFS
142,WQYFFPVIFSK
143,QYFFPVIFSKA
144,YFFPVIFSKAS
145,FFPVIFSKASS
146,FPVIFSKASSS
147,PVIFSKASSSL
148,VIFSKASSSLQ
149,IFSKASSSLQL
150,FSKASSSLQLV
151,SKASSSLQLVF
152,KASSSLQLVFG
153,ASSSLQLVFGI
154,SSSLQLVFGIE
155,SSLQLVFGIEL
156,SLQLVFGIELM
157,LQLVFGIELME
158,QLVFGIELMEV
159,LVFGIELMEVD
160,VFGIELMEVDP
161,FGIELMEVDPI
162,GIELMEVDPIG
163,IELMEVDPIGH
164,ELMEVDPIGHL
165,LMEVDPIGHLY
166,MEVDPIGHLYI
167,EVDPIGHLYIF
168,VDPIGHLYIFA
169,DPIGHLYIFAT
170,PIGHLYIFATC
171,IGHLYIFATCL
172,GHLYIFATCLG
173,HLYIFATCLGL
174,LYIFATCLGLS
175,YIFATCLGLSY
176,IFATCLGLSYD
177,FATCLGLSYDG
178,ATCLGLSYDGL
179,TCLGLSYDGLL
180,CLGLSYDGLLG
181,LGLSYDGLLGD
182,GLSYDGLLGDN
183,LSYDGLLGDNQ
184,SYDGLLGDNQI
185,YDGLLGDNQIM
186,DGLLGDNQIMP
187,GLLGDNQIMPK
188,LLGDNQIMPKA
189,LGDNQIMPKAG
190,GDNQIMPKAGL
191,DNQIMPKAGLL
192,NQIMPKAGLLI
193,QIMPKAGLLII
194,IMPKAGLLIIV
195,MPKAGLLIIVL
196,PKAGLLIIVLA
197,KAGLLIIVLAI
198,AGLLIIVLAII
199,GLLIIVLAIIA
200,LLIIVLAIIAR
201,LIIVLAIIARE
202,IIVLAIIAREG
203,IVLAIIAREGD
204,VLAIIAREGDC
205,LAIIAREGDCA
206,AIIAREGDCAP
207,IIAREGDCAPE
208,IAREGDCAPEE
209,AREGDCAPEEK
210,REGDCAPEEKI
211,EGDCAPEEKIW
212,GDCAPEEKIWE
213,DCAPEEKIWEE
214,CAPEEKIWEEL
215,APEEKIWEELS
216,PEEKIWEELSV
217,EEKIWEELSVL
218,EKIWEELSVLE
219,KIWEELSVLEV
220,IWEELSVLEVF
221,WEELSVLEVFE
222,EELSVLEVFEG
223,ELSVLEVFEGR
224,LSVLEVFEGRE
225,SVLEVFEGRED
226,VLEVFEGREDS
227,LEVFEGREDSI
228,EVFEGREDSIL
229,VFEGREDSILG
230,FEGREDSILGD
231,EGREDSILGDP
232,GREDSILGDPK
233,REDSILGDPKK
234,EDSILGDPKKL
235,DSILGDPKKLL
236,SILGDPKKLLT
237,ILGDPKKLLTQ
238,LGDPKKLLTQH
239,GDPKKLLTQHF
240,DPKKLLTQHFV
241,PKKLLTQHFVQ
242,KKLLTQHFVQE
243,KLLTQHFVQEN
244,LLTQHFVQENY
245,LTQHFVQENYL
246,TQHFVQENYLE
247,QHFVQENYLEY
248,HFVQENYLEYR
249,FVQENYLEYRQ
250,VQENYLEYRQV
251,QENYLEYRQVP
252,ENYLEYRQVPG
253,NYLEYRQVPGS
254,YLEYRQVPGSD
255,LEYRQVPGSDP
256,EYRQVPGSDPA
257,YRQVPGSDPAC
258,RQVPGSDPACY
259,QVPGSDPACYE
260,VPGSDPACYEF
261,PGSDPACYEFL
262,GSDPACYEFLW
263,SDPACYEFLWG
264,DPACYEFLWGP
265,PACYEFLWGPR
266,ACYEFLWGPRA
267,CYEFLWGPRAL
268,YEFLWGPRALV
269,EFLWGPRALVE
270,FLWGPRALVET
271,LWGPRALVETS
272,WGPRALVETSY
273,GPRALVETSYV
274,PRALVETSYVK
275,RALVETSYVKV
276,ALVETSYVKVL
277,LVETSYVKVLH
278,VETSYVKVLHH
279,ETSYVKVLHHM
280,TSYVKVLHHMV
281,SYVKVLHHMVK
282,YVKVLHHMVKI
283,VKVLHHMVKIS
284,KVLHHMVKISG
285,VLHHMVKISGG
286,LHHMVKISGGP
287,HHMVKISGGPH
288,HMVKISGGPHI
289,MVKISGGPHIS
290,VKISGGPHISY
291,KISGGPHISYP
292,ISGGPHISYPP
293,SGGPHISYPPL
294,GGPHISYPPLH
295,GPHISYPPLHE
296,PHISYPPLHEW
297,HISYPPLHEWV
298,ISYPPLHEWVL
299,SYPPLHEWVLR
300,YPPLHEWVLRE
301,PPLHEWVLREG
302,PLHEWVLREGE
303,LHEWVLREGEE
